id,label
0.jpg,Cat
1.jpg,Cat
10.jpg,Cat
100.jpg,Cat
1000.jpg,Cat
10000.jpg,Cat
10001.jpg,Cat
10002.jpg,Cat
10003.jpg,Cat
10004.jpg,Cat
10005.jpg,Cat
10006.jpg,Cat
10007.jpg,Cat
10008.jpg,Cat
10009.jpg,Cat
1001.jpg,Cat
10010.jpg,Cat
10011.jpg,Cat
10012.jpg,Cat
10013.jpg,Cat
10014.jpg,Cat
10015.jpg,Cat
10016.jpg,Cat
10017.jpg,Cat
10018.jpg,Cat
10019.jpg,Cat
1002.jpg,Cat
10020.jpg,Cat
10021.jpg,Cat
10022.jpg,Cat
10023.jpg,Cat
10024.jpg,Cat
10025.jpg,Cat
10026.jpg,Cat
10027.jpg,Cat
10028.jpg,Cat
10029.jpg,Cat
1003.jpg,Cat
10030.jpg,Cat
10031.jpg,Cat
10032.jpg,Cat
10033.jpg,Cat
10034.jpg,Cat
10035.jpg,Cat
10036.jpg,Cat
10037.jpg,Dog
10038.jpg,Cat
10039.jpg,Cat
1004.jpg,Cat
10040.jpg,Cat
10041.jpg,Cat
10042.jpg,Cat
10043.jpg,Cat
10044.jpg,Cat
10045.jpg,Cat
10046.jpg,Cat
10047.jpg,Cat
10048.jpg,Cat
10049.jpg,Cat
1005.jpg,Cat
10050.jpg,Cat
10051.jpg,Cat
10052.jpg,Cat
10053.jpg,Cat
10054.jpg,Cat
10055.jpg,Cat
10056.jpg,Cat
10057.jpg,Cat
10058.jpg,Cat
10059.jpg,Cat
1006.jpg,Cat
10060.jpg,Cat
10061.jpg,Cat
10062.jpg,Cat
10063.jpg,Cat
10064.jpg,Cat
10065.jpg,Cat
10066.jpg,Cat
10067.jpg,Cat
10068.jpg,Cat
10069.jpg,Cat
1007.jpg,Cat
10070.jpg,Cat
10071.jpg,Cat
10072.jpg,Cat
10073.jpg,Cat
10074.jpg,Cat
10075.jpg,Cat
10076.jpg,Cat
10077.jpg,Cat
10078.jpg,Cat
10079.jpg,Cat
1008.jpg,Cat
10080.jpg,Cat
10081.jpg,Cat
10082.jpg,Cat
10083.jpg,Cat
10084.jpg,Cat
10085.jpg,Cat
10086.jpg,Cat
10087.jpg,Cat
10088.jpg,Cat
10089.jpg,Cat
1009.jpg,Cat
10090.jpg,Cat
10091.jpg,Cat
10092.jpg,Cat
10093.jpg,Cat
10094.jpg,Cat
10095.jpg,Cat
10096.jpg,Cat
10097.jpg,Cat
10098.jpg,Cat
10099.jpg,Cat
101.jpg,Cat
1010.jpg,Cat
10100.jpg,Cat
10101.jpg,Cat
10102.jpg,Cat
10103.jpg,Cat
10104.jpg,Cat
10105.jpg,Cat
10106.jpg,Cat
10107.jpg,Cat
10108.jpg,Cat
10109.jpg,Cat
1011.jpg,Cat
10110.jpg,Cat
10111.jpg,Cat
10112.jpg,Cat
10113.jpg,Cat
10114.jpg,Cat
10115.jpg,Cat
10116.jpg,Cat
10117.jpg,Cat
10118.jpg,Cat
10119.jpg,Cat
1012.jpg,Cat
10120.jpg,Cat
10121.jpg,Cat
10122.jpg,Cat
10123.jpg,Cat
10124.jpg,Cat
10125.jpg,Cat
10126.jpg,Cat
10127.jpg,Cat
10128.jpg,Cat
10129.jpg,Cat
1013.jpg,Cat
10130.jpg,Cat
10131.jpg,Cat
10132.jpg,Cat
10133.jpg,Cat
10134.jpg,Cat
10135.jpg,Cat
10136.jpg,Cat
10137.jpg,Cat
10138.jpg,Cat
10139.jpg,Cat
1014.jpg,Cat
10140.jpg,Cat
10141.jpg,Cat
10142.jpg,Cat
10143.jpg,Cat
10144.jpg,Cat
10145.jpg,Dog
10146.jpg,Cat
10147.jpg,Cat
10148.jpg,Cat
10149.jpg,Cat
1015.jpg,Cat
10150.jpg,Cat
10151.jpg,Cat
10152.jpg,Cat
10153.jpg,Cat
10154.jpg,Cat
10155.jpg,Cat
10156.jpg,Cat
10157.jpg,Cat
10158.jpg,Cat
10159.jpg,Cat
1016.jpg,Cat
10160.jpg,Cat
10161.jpg,Cat
10162.jpg,Cat
10163.jpg,Cat
10164.jpg,Cat
10165.jpg,Cat
10166.jpg,Cat
10167.jpg,Cat
10168.jpg,Cat
10169.jpg,Cat
1017.jpg,Cat
10170.jpg,Cat
10171.jpg,Cat
10172.jpg,Cat
10173.jpg,Cat
10174.jpg,Cat
10175.jpg,Cat
10176.jpg,Cat
10177.jpg,Cat
10178.jpg,Cat
10179.jpg,Cat
1018.jpg,Cat
10180.jpg,Cat
10181.jpg,Cat
10182.jpg,Cat
10183.jpg,Cat
10184.jpg,Cat
10185.jpg,Cat
10186.jpg,Cat
10187.jpg,Cat
10188.jpg,Cat
10189.jpg,Cat
1019.jpg,Cat
10190.jpg,Cat
10191.jpg,Cat
10192.jpg,Cat
10193.jpg,Cat
10194.jpg,Cat
10195.jpg,Cat
10196.jpg,Cat
10197.jpg,Cat
10198.jpg,Cat
10199.jpg,Cat
102.jpg,Cat
1020.jpg,Cat
10200.jpg,Cat
10201.jpg,Cat
10202.jpg,Cat
10203.jpg,Cat
10204.jpg,Cat
10205.jpg,Cat
10206.jpg,Cat
10207.jpg,Cat
10208.jpg,Cat
10209.jpg,Cat
1021.jpg,Cat
10210.jpg,Cat
10211.jpg,Cat
10212.jpg,Cat
10213.jpg,Cat
10214.jpg,Cat
10215.jpg,Cat
10216.jpg,Cat
10217.jpg,Dog
10218.jpg,Cat
10219.jpg,Cat
1022.jpg,Cat
10220.jpg,Cat
10221.jpg,Cat
10222.jpg,Cat
10223.jpg,Cat
10224.jpg,Cat
10225.jpg,Cat
10226.jpg,Cat
10227.jpg,Cat
10228.jpg,Cat
10229.jpg,Cat
1023.jpg,Cat
10230.jpg,Cat
10231.jpg,Cat
10232.jpg,Cat
10233.jpg,Cat
10234.jpg,Cat
10235.jpg,Cat
10236.jpg,Cat
10237.jpg,Cat
10238.jpg,Cat
10239.jpg,Cat
1024.jpg,Cat
10240.jpg,Cat
10241.jpg,Cat
10242.jpg,Cat
10243.jpg,Cat
10244.jpg,Cat
10245.jpg,Cat
10246.jpg,Cat
10247.jpg,Cat
10248.jpg,Cat
10249.jpg,Cat
1025.jpg,Cat
10250.jpg,Cat
10251.jpg,Cat
10252.jpg,Cat
10253.jpg,Cat
10254.jpg,Cat
10255.jpg,Cat
10256.jpg,Cat
10257.jpg,Cat
10258.jpg,Cat
10259.jpg,Cat
1026.jpg,Cat
10260.jpg,Cat
10261.jpg,Cat
10262.jpg,Cat
10263.jpg,Cat
10264.jpg,Cat
10265.jpg,Cat
10266.jpg,Dog
10267.jpg,Cat
10268.jpg,Cat
10269.jpg,Cat
1027.jpg,Cat
10270.jpg,Dog
10271.jpg,Cat
10272.jpg,Cat
10273.jpg,Cat
10274.jpg,Cat
10275.jpg,Cat
10276.jpg,Cat
10277.jpg,Cat
10278.jpg,Cat
10279.jpg,Cat
1028.jpg,Cat
10280.jpg,Cat
10281.jpg,Cat
10282.jpg,Cat
10283.jpg,Cat
10284.jpg,Cat
10285.jpg,Cat
10286.jpg,Cat
10287.jpg,Cat
10288.jpg,Cat
10289.jpg,Cat
1029.jpg,Cat
10290.jpg,Cat
10291.jpg,Cat
10292.jpg,Cat
10293.jpg,Cat
10294.jpg,Cat
10295.jpg,Cat
10296.jpg,Cat
10297.jpg,Cat
10298.jpg,Cat
10299.jpg,Cat
103.jpg,Cat
1030.jpg,Cat
10300.jpg,Cat
10301.jpg,Cat
10302.jpg,Cat
10303.jpg,Cat
10304.jpg,Cat
10305.jpg,Cat
10306.jpg,Cat
10307.jpg,Cat
10308.jpg,Cat
10309.jpg,Cat
1031.jpg,Cat
10310.jpg,Cat
10311.jpg,Cat
10312.jpg,Cat
10313.jpg,Cat
10314.jpg,Cat
10315.jpg,Cat
10316.jpg,Cat
10317.jpg,Cat
10318.jpg,Cat
10319.jpg,Cat
1032.jpg,Cat
10320.jpg,Cat
10321.jpg,Cat
10322.jpg,Cat
10323.jpg,Cat
10324.jpg,Cat
10325.jpg,Cat
10326.jpg,Cat
10327.jpg,Cat
10328.jpg,Cat
10329.jpg,Cat
1033.jpg,Cat
10330.jpg,Cat
10331.jpg,Cat
10332.jpg,Cat
10333.jpg,Cat
10334.jpg,Cat
10335.jpg,Cat
10336.jpg,Cat
10337.jpg,Cat
10338.jpg,Cat
10339.jpg,Cat
1034.jpg,Cat
10340.jpg,Cat
10341.jpg,Cat
10342.jpg,Cat
10343.jpg,Cat
10344.jpg,Cat
10345.jpg,Cat
10346.jpg,Cat
10347.jpg,Cat
10348.jpg,Cat
10349.jpg,Cat
1035.jpg,Cat
10350.jpg,Cat
10351.jpg,Cat
10352.jpg,Cat
10353.jpg,Cat
10354.jpg,Cat
10355.jpg,Cat
10356.jpg,Cat
10357.jpg,Cat
10358.jpg,Cat
10359.jpg,Cat
1036.jpg,Cat
10360.jpg,Cat
10361.jpg,Cat
10362.jpg,Cat
10363.jpg,Cat
10364.jpg,Cat
10365.jpg,Cat
10366.jpg,Cat
10367.jpg,Cat
10368.jpg,Cat
10369.jpg,Cat
1037.jpg,Cat
10370.jpg,Cat
10371.jpg,Cat
10372.jpg,Cat
10373.jpg,Cat
10374.jpg,Cat
10375.jpg,Cat
10376.jpg,Cat
10377.jpg,Cat
10378.jpg,Cat
10379.jpg,Cat
1038.jpg,Cat
10380.jpg,Cat
10381.jpg,Cat
10382.jpg,Cat
10383.jpg,Cat
10384.jpg,Cat
10385.jpg,Cat
10386.jpg,Cat
10387.jpg,Cat
10388.jpg,Cat
10389.jpg,Cat
1039.jpg,Cat
10390.jpg,Cat
10391.jpg,Cat
10392.jpg,Cat
10393.jpg,Cat
10394.jpg,Cat
10395.jpg,Cat
10396.jpg,Cat
10397.jpg,Cat
10398.jpg,Cat
10399.jpg,Cat
104.jpg,Cat
1040.jpg,Cat
10400.jpg,Cat
10401.jpg,Cat
10402.jpg,Cat
10403.jpg,Cat
10404.jpg,Cat
10405.jpg,Cat
10406.jpg,Cat
10407.jpg,Cat
10408.jpg,Cat
10409.jpg,Cat
1041.jpg,Cat
10410.jpg,Cat
10411.jpg,Cat
10412.jpg,Cat
10413.jpg,Cat
10414.jpg,Cat
10415.jpg,Cat
10416.jpg,Cat
10417.jpg,Cat
10418.jpg,Cat
10419.jpg,Cat
1042.jpg,Cat
10420.jpg,Cat
10421.jpg,Cat
10422.jpg,Cat
10423.jpg,Cat
10424.jpg,Cat
10425.jpg,Cat
10426.jpg,Cat
10427.jpg,Cat
10428.jpg,Cat
10429.jpg,Cat
1043.jpg,Cat
10430.jpg,Cat
10431.jpg,Cat
10432.jpg,Cat
10433.jpg,Cat
10434.jpg,Cat
10435.jpg,Cat
10436.jpg,Cat
10437.jpg,Cat
10438.jpg,Cat
10439.jpg,Cat
1044.jpg,Cat
10440.jpg,Cat
10441.jpg,Cat
10442.jpg,Cat
10443.jpg,Cat
10444.jpg,Cat
10445.jpg,Cat
10446.jpg,Cat
10447.jpg,Cat
10448.jpg,Cat
10449.jpg,Cat
1045.jpg,Cat
10450.jpg,Cat
10451.jpg,Cat
10452.jpg,Cat
10453.jpg,Cat
10454.jpg,Cat
10455.jpg,Cat
10456.jpg,Cat
10457.jpg,Cat
10458.jpg,Cat
10459.jpg,Cat
1046.jpg,Cat
10460.jpg,Cat
10461.jpg,Cat
10462.jpg,Cat
10463.jpg,Cat
10464.jpg,Cat
10465.jpg,Cat
10466.jpg,Cat
10467.jpg,Cat
10468.jpg,Cat
10469.jpg,Cat
1047.jpg,Cat
10470.jpg,Cat
10471.jpg,Dog
10472.jpg,Cat
10473.jpg,Cat
10474.jpg,Cat
10475.jpg,Cat
10476.jpg,Cat
10477.jpg,Cat
10478.jpg,Cat
10479.jpg,Cat
1048.jpg,Cat
10480.jpg,Cat
10481.jpg,Cat
10482.jpg,Cat
10483.jpg,Cat
10484.jpg,Cat
10485.jpg,Cat
10486.jpg,Cat
10487.jpg,Cat
10488.jpg,Cat
10489.jpg,Cat
1049.jpg,Cat
10490.jpg,Cat
10491.jpg,Cat
10492.jpg,Cat
10493.jpg,Cat
10494.jpg,Cat
10495.jpg,Cat
10496.jpg,Cat
10497.jpg,Cat
10498.jpg,Cat
10499.jpg,Cat
105.jpg,Cat
1050.jpg,Cat
10500.jpg,Cat
10501.jpg,Cat
10502.jpg,Cat
10503.jpg,Cat
10504.jpg,Cat
10505.jpg,Cat
10506.jpg,Cat
10507.jpg,Cat
10508.jpg,Cat
10509.jpg,Cat
1051.jpg,Cat
10510.jpg,Cat
10511.jpg,Cat
10512.jpg,Cat
10513.jpg,Cat
10514.jpg,Cat
10515.jpg,Cat
10516.jpg,Cat
10517.jpg,Cat
10518.jpg,Cat
10519.jpg,Cat
1052.jpg,Cat
10520.jpg,Cat
10521.jpg,Cat
10522.jpg,Cat
10523.jpg,Cat
10524.jpg,Cat
10525.jpg,Cat
10526.jpg,Cat
10527.jpg,Cat
10528.jpg,Cat
10529.jpg,Cat
1053.jpg,Cat
10530.jpg,Cat
10531.jpg,Cat
10532.jpg,Cat
10533.jpg,Cat
10534.jpg,Cat
10535.jpg,Cat
10536.jpg,Cat
10537.jpg,Cat
10538.jpg,Cat
10539.jpg,Dog
1054.jpg,Cat
10540.jpg,Cat
10541.jpg,Cat
10542.jpg,Cat
10543.jpg,Cat
10544.jpg,Cat
10545.jpg,Cat
10546.jpg,Cat
10547.jpg,Cat
10548.jpg,Cat
10549.jpg,Cat
1055.jpg,Cat
10550.jpg,Cat
10551.jpg,Cat
10552.jpg,Cat
10553.jpg,Cat
10554.jpg,Cat
10555.jpg,Cat
10556.jpg,Cat
10557.jpg,Cat
10558.jpg,Cat
10559.jpg,Cat
1056.jpg,Cat
10560.jpg,Cat
10561.jpg,Cat
10562.jpg,Cat
10563.jpg,Cat
10564.jpg,Cat
10565.jpg,Cat
10566.jpg,Cat
10567.jpg,Cat
10568.jpg,Cat
10569.jpg,Cat
1057.jpg,Cat
10570.jpg,Cat
10571.jpg,Cat
10572.jpg,Cat
10573.jpg,Cat
10574.jpg,Cat
10575.jpg,Cat
10576.jpg,Cat
10577.jpg,Cat
10578.jpg,Cat
10579.jpg,Cat
1058.jpg,Cat
10580.jpg,Cat
10581.jpg,Cat
10582.jpg,Cat
10583.jpg,Cat
10584.jpg,Cat
10585.jpg,Cat
10586.jpg,Cat
10587.jpg,Dog
10588.jpg,Cat
10589.jpg,Cat
1059.jpg,Cat
10590.jpg,Cat
10591.jpg,Cat
10592.jpg,Cat
10593.jpg,Cat
10594.jpg,Cat
10595.jpg,Cat
10596.jpg,Cat
10597.jpg,Cat
10598.jpg,Cat
10599.jpg,Cat
106.jpg,Cat
1060.jpg,Cat
10600.jpg,Cat
10601.jpg,Cat
10602.jpg,Cat
10603.jpg,Cat
10604.jpg,Cat
10605.jpg,Cat
10606.jpg,Cat
10607.jpg,Cat
10608.jpg,Cat
10609.jpg,Cat
1061.jpg,Cat
10610.jpg,Dog
10611.jpg,Cat
10612.jpg,Cat
10613.jpg,Cat
10614.jpg,Cat
10615.jpg,Cat
10616.jpg,Cat
10617.jpg,Cat
10618.jpg,Cat
10619.jpg,Cat
1062.jpg,Cat
10620.jpg,Cat
10621.jpg,Cat
10622.jpg,Cat
10623.jpg,Cat
10624.jpg,Cat
10625.jpg,Dog
10626.jpg,Cat
10627.jpg,Cat
10628.jpg,Cat
10629.jpg,Cat
1063.jpg,Cat
10630.jpg,Cat
10631.jpg,Cat
10632.jpg,Cat
10633.jpg,Dog
10634.jpg,Cat
10635.jpg,Cat
10636.jpg,Cat
10637.jpg,Cat
10638.jpg,Cat
10639.jpg,Cat
1064.jpg,Cat
10640.jpg,Cat
10641.jpg,Cat
10642.jpg,Cat
10643.jpg,Cat
10644.jpg,Cat
10645.jpg,Cat
10646.jpg,Cat
10647.jpg,Cat
10648.jpg,Cat
10649.jpg,Cat
1065.jpg,Cat
10650.jpg,Cat
10651.jpg,Cat
10652.jpg,Cat
10653.jpg,Cat
10654.jpg,Cat
10655.jpg,Cat
10656.jpg,Cat
10657.jpg,Cat
10658.jpg,Cat
10659.jpg,Cat
1066.jpg,Cat
10660.jpg,Cat
10661.jpg,Cat
10662.jpg,Cat
10663.jpg,Cat
10664.jpg,Cat
10665.jpg,Cat
10666.jpg,Cat
10667.jpg,Cat
10668.jpg,Cat
10669.jpg,Cat
1067.jpg,Cat
10670.jpg,Cat
10671.jpg,Cat
10672.jpg,Cat
10673.jpg,Cat
10674.jpg,Cat
10675.jpg,Cat
10676.jpg,Cat
10677.jpg,Cat
10678.jpg,Cat
10679.jpg,Cat
1068.jpg,Cat
10680.jpg,Cat
10681.jpg,Cat
10682.jpg,Cat
10683.jpg,Cat
10684.jpg,Cat
10685.jpg,Cat
10686.jpg,Cat
10687.jpg,Cat
10688.jpg,Cat
10689.jpg,Cat
1069.jpg,Cat
10690.jpg,Cat
10691.jpg,Cat
10692.jpg,Cat
10693.jpg,Cat
10694.jpg,Cat
10695.jpg,Cat
10696.jpg,Cat
10697.jpg,Cat
10698.jpg,Cat
10699.jpg,Cat
107.jpg,Cat
1070.jpg,Cat
10700.jpg,Cat
10701.jpg,Cat
10702.jpg,Cat
10703.jpg,Cat
10704.jpg,Cat
10705.jpg,Cat
10706.jpg,Cat
10707.jpg,Cat
10708.jpg,Cat
10709.jpg,Cat
1071.jpg,Cat
10710.jpg,Cat
10711.jpg,Cat
10712.jpg,Cat
10713.jpg,Cat
10714.jpg,Cat
10715.jpg,Cat
10716.jpg,Cat
10717.jpg,Cat
10718.jpg,Cat
10719.jpg,Cat
1072.jpg,Cat
10720.jpg,Cat
10721.jpg,Cat
10722.jpg,Cat
10723.jpg,Cat
10724.jpg,Cat
10725.jpg,Cat
10726.jpg,Cat
10727.jpg,Cat
10728.jpg,Cat
10729.jpg,Cat
1073.jpg,Cat
10730.jpg,Cat
10731.jpg,Cat
10732.jpg,Cat
10733.jpg,Cat
10734.jpg,Cat
10735.jpg,Cat
10736.jpg,Cat
10737.jpg,Cat
10738.jpg,Cat
10739.jpg,Cat
1074.jpg,Cat
10740.jpg,Dog
10741.jpg,Cat
10742.jpg,Cat
10743.jpg,Cat
10744.jpg,Cat
10745.jpg,Cat
10746.jpg,Cat
10747.jpg,Cat
10748.jpg,Cat
10749.jpg,Cat
1075.jpg,Cat
10750.jpg,Cat
10751.jpg,Cat
10752.jpg,Cat
10753.jpg,Cat
10754.jpg,Cat
10755.jpg,Cat
10756.jpg,Cat
10757.jpg,Cat
10758.jpg,Cat
10759.jpg,Cat
1076.jpg,Cat
10760.jpg,Cat
10761.jpg,Cat
10762.jpg,Cat
10763.jpg,Cat
10764.jpg,Cat
10765.jpg,Cat
10766.jpg,Cat
10767.jpg,Cat
10768.jpg,Cat
10769.jpg,Cat
1077.jpg,Cat
10770.jpg,Cat
10771.jpg,Cat
10772.jpg,Cat
10773.jpg,Cat
10774.jpg,Cat
10775.jpg,Cat
10776.jpg,Cat
10777.jpg,Cat
10778.jpg,Cat
10779.jpg,Cat
1078.jpg,Cat
10780.jpg,Cat
10781.jpg,Cat
10782.jpg,Cat
10783.jpg,Cat
10784.jpg,Cat
10785.jpg,Cat
10786.jpg,Cat
10787.jpg,Cat
10788.jpg,Cat
10789.jpg,Cat
1079.jpg,Cat
10790.jpg,Cat
10791.jpg,Cat
10792.jpg,Cat
10793.jpg,Cat
10794.jpg,Cat
10795.jpg,Cat
10796.jpg,Cat
10797.jpg,Cat
10798.jpg,Cat
10799.jpg,Cat
108.jpg,Cat
1080.jpg,Cat
10800.jpg,Dog
10801.jpg,Cat
10802.jpg,Cat
10803.jpg,Cat
10804.jpg,Cat
10805.jpg,Cat
10806.jpg,Cat
10807.jpg,Cat
10808.jpg,Cat
10809.jpg,Cat
1081.jpg,Cat
10810.jpg,Cat
10811.jpg,Cat
10812.jpg,Cat
10813.jpg,Cat
10814.jpg,Cat
10815.jpg,Cat
10816.jpg,Cat
10817.jpg,Cat
10818.jpg,Cat
10819.jpg,Cat
1082.jpg,Cat
10820.jpg,Cat
10821.jpg,Cat
10822.jpg,Cat
10823.jpg,Cat
10824.jpg,Cat
10825.jpg,Cat
10826.jpg,Cat
10827.jpg,Cat
10828.jpg,Cat
10829.jpg,Cat
1083.jpg,Cat
10830.jpg,Cat
10831.jpg,Cat
10832.jpg,Cat
10833.jpg,Cat
10834.jpg,Cat
10835.jpg,Cat
10836.jpg,Cat
10837.jpg,Cat
10838.jpg,Cat
10839.jpg,Cat
1084.jpg,Cat
10840.jpg,Cat
10841.jpg,Cat
10842.jpg,Cat
10843.jpg,Cat
10844.jpg,Cat
10845.jpg,Cat
10846.jpg,Cat
10847.jpg,Cat
10848.jpg,Cat
10849.jpg,Cat
1085.jpg,Cat
10850.jpg,Cat
10851.jpg,Cat
10852.jpg,Cat
10853.jpg,Cat
10854.jpg,Cat
10855.jpg,Cat
10856.jpg,Cat
10857.jpg,Cat
10858.jpg,Cat
10859.jpg,Cat
1086.jpg,Cat
10860.jpg,Cat
10861.jpg,Cat
10862.jpg,Cat
10863.jpg,Cat
10864.jpg,Cat
10865.jpg,Cat
10866.jpg,Cat
10867.jpg,Cat
10868.jpg,Cat
10869.jpg,Cat
1087.jpg,Cat
10870.jpg,Cat
10871.jpg,Cat
10872.jpg,Cat
10873.jpg,Cat
10874.jpg,Cat
10875.jpg,Cat
10876.jpg,Cat
10877.jpg,Cat
10878.jpg,Cat
10879.jpg,Cat
1088.jpg,Cat
10880.jpg,Cat
10881.jpg,Cat
10882.jpg,Cat
10883.jpg,Cat
10884.jpg,Cat
10885.jpg,Cat
10886.jpg,Cat
10887.jpg,Cat
10888.jpg,Cat
10889.jpg,Cat
1089.jpg,Cat
10890.jpg,Cat
10891.jpg,Cat
10892.jpg,Cat
10893.jpg,Cat
10894.jpg,Cat
10895.jpg,Cat
10896.jpg,Cat
10897.jpg,Cat
10898.jpg,Cat
10899.jpg,Cat
109.jpg,Cat
1090.jpg,Cat
10900.jpg,Cat
10901.jpg,Cat
10902.jpg,Cat
10903.jpg,Cat
10904.jpg,Cat
10905.jpg,Cat
10906.jpg,Cat
10907.jpg,Cat
10908.jpg,Cat
10909.jpg,Cat
1091.jpg,Cat
10910.jpg,Cat
10911.jpg,Cat
10912.jpg,Cat
10913.jpg,Cat
10914.jpg,Cat
10915.jpg,Cat
10916.jpg,Cat
10917.jpg,Cat
10918.jpg,Cat
10919.jpg,Cat
1092.jpg,Cat
10920.jpg,Cat
10921.jpg,Cat
10922.jpg,Cat
10923.jpg,Cat
10924.jpg,Cat
10925.jpg,Cat
10926.jpg,Cat
10927.jpg,Cat
10928.jpg,Cat
10929.jpg,Cat
1093.jpg,Cat
10930.jpg,Cat
10931.jpg,Cat
10932.jpg,Cat
10933.jpg,Cat
10934.jpg,Cat
10935.jpg,Cat
10936.jpg,Cat
10937.jpg,Cat
10938.jpg,Cat
10939.jpg,Cat
1094.jpg,Cat
10940.jpg,Cat
10941.jpg,Cat
10942.jpg,Cat
10943.jpg,Cat
10944.jpg,Cat
10945.jpg,Cat
10946.jpg,Cat
10947.jpg,Cat
10948.jpg,Cat
10949.jpg,Cat
1095.jpg,Cat
10950.jpg,Cat
10951.jpg,Cat
10952.jpg,Cat
10953.jpg,Cat
10954.jpg,Cat
10955.jpg,Cat
10956.jpg,Cat
10957.jpg,Cat
10958.jpg,Cat
10959.jpg,Cat
1096.jpg,Cat
10960.jpg,Cat
10961.jpg,Cat
10962.jpg,Cat
10963.jpg,Cat
10964.jpg,Cat
10965.jpg,Cat
10966.jpg,Cat
10967.jpg,Cat
10968.jpg,Cat
10969.jpg,Cat
1097.jpg,Cat
10970.jpg,Cat
10971.jpg,Cat
10972.jpg,Cat
10973.jpg,Cat
10974.jpg,Cat
10975.jpg,Cat
10976.jpg,Cat
10977.jpg,Cat
10978.jpg,Cat
10979.jpg,Cat
1098.jpg,Cat
10980.jpg,Cat
10981.jpg,Cat
10982.jpg,Cat
10983.jpg,Cat
10984.jpg,Cat
10985.jpg,Cat
10986.jpg,Cat
10987.jpg,Cat
10988.jpg,Cat
10989.jpg,Cat
1099.jpg,Cat
10990.jpg,Cat
10991.jpg,Cat
10992.jpg,Cat
10993.jpg,Cat
10994.jpg,Cat
10995.jpg,Cat
10996.jpg,Cat
10997.jpg,Cat
10998.jpg,Cat
10999.jpg,Cat
11.jpg,Cat
110.jpg,Cat
1100.jpg,Cat
11000.jpg,Cat
11001.jpg,Cat
11002.jpg,Cat
11003.jpg,Cat
11004.jpg,Cat
11005.jpg,Cat
11006.jpg,Cat
11007.jpg,Cat
11008.jpg,Cat
11009.jpg,Cat
1101.jpg,Cat
11010.jpg,Cat
11011.jpg,Cat
11012.jpg,Cat
11013.jpg,Cat
11014.jpg,Cat
11015.jpg,Cat
11016.jpg,Cat
11017.jpg,Cat
11018.jpg,Cat
11019.jpg,Cat
1102.jpg,Cat
11020.jpg,Cat
11021.jpg,Cat
11022.jpg,Cat
11023.jpg,Cat
11024.jpg,Cat
11025.jpg,Cat
11026.jpg,Cat
11027.jpg,Cat
11028.jpg,Cat
11029.jpg,Cat
1103.jpg,Cat
11030.jpg,Cat
11031.jpg,Cat
11032.jpg,Cat
11033.jpg,Cat
11034.jpg,Cat
11035.jpg,Cat
11036.jpg,Cat
11037.jpg,Cat
11038.jpg,Cat
11039.jpg,Dog
1104.jpg,Cat
11040.jpg,Cat
11041.jpg,Cat
11042.jpg,Cat
11043.jpg,Cat
11044.jpg,Cat
11045.jpg,Cat
11046.jpg,Cat
11047.jpg,Cat
11048.jpg,Cat
11049.jpg,Cat
1105.jpg,Cat
11050.jpg,Cat
11051.jpg,Cat
11052.jpg,Cat
11053.jpg,Cat
11054.jpg,Cat
11055.jpg,Cat
11056.jpg,Cat
11057.jpg,Cat
11058.jpg,Cat
11059.jpg,Cat
1106.jpg,Cat
11060.jpg,Cat
11061.jpg,Cat
11062.jpg,Cat
11063.jpg,Cat
11064.jpg,Cat
11065.jpg,Cat
11066.jpg,Cat
11067.jpg,Cat
11068.jpg,Cat
11069.jpg,Cat
1107.jpg,Cat
11070.jpg,Cat
11071.jpg,Cat
11072.jpg,Cat
11073.jpg,Cat
11074.jpg,Cat
11075.jpg,Cat
11076.jpg,Cat
11077.jpg,Cat
11078.jpg,Cat
11079.jpg,Cat
1108.jpg,Cat
11080.jpg,Cat
11081.jpg,Cat
11082.jpg,Cat
11083.jpg,Cat
11084.jpg,Cat
11085.jpg,Cat
11086.jpg,Cat
11087.jpg,Cat
11088.jpg,Cat
11089.jpg,Cat
1109.jpg,Cat
11090.jpg,Cat
11091.jpg,Cat
11092.jpg,Cat
11093.jpg,Cat
11094.jpg,Cat
11095.jpg,Cat
11096.jpg,Cat
11097.jpg,Cat
11098.jpg,Cat
11099.jpg,Cat
111.jpg,Cat
1110.jpg,Cat
11100.jpg,Cat
11101.jpg,Cat
11102.jpg,Cat
11103.jpg,Cat
11104.jpg,Cat
11105.jpg,Cat
11106.jpg,Cat
11107.jpg,Cat
11108.jpg,Cat
11109.jpg,Cat
1111.jpg,Cat
11110.jpg,Cat
11111.jpg,Cat
11112.jpg,Cat
11113.jpg,Cat
11114.jpg,Cat
11115.jpg,Cat
11116.jpg,Cat
11117.jpg,Cat
11118.jpg,Cat
11119.jpg,Cat
1112.jpg,Cat
11120.jpg,Cat
0.jpg,Dog
1.jpg,Dog
10.jpg,Dog
100.jpg,Dog
1000.jpg,Dog
10000.jpg,Dog
10001.jpg,Dog
10002.jpg,Dog
10003.jpg,Dog
10004.jpg,Dog
10005.jpg,Dog
10006.jpg,Dog
10007.jpg,Dog
10008.jpg,Dog
10009.jpg,Dog
1001.jpg,Dog
10010.jpg,Dog
10011.jpg,Dog
10012.jpg,Dog
10013.jpg,Dog
10014.jpg,Dog
10015.jpg,Dog
10016.jpg,Dog
10017.jpg,Dog
10018.jpg,Dog
10019.jpg,Dog
1002.jpg,Dog
10020.jpg,Dog
10021.jpg,Dog
10022.jpg,Dog
10023.jpg,Dog
10024.jpg,Dog
10025.jpg,Dog
10026.jpg,Dog
10027.jpg,Dog
10028.jpg,Dog
10029.jpg,Dog
1003.jpg,Dog
10030.jpg,Dog
10031.jpg,Dog
10032.jpg,Dog
10033.jpg,Dog
10034.jpg,Dog
10035.jpg,Dog
10036.jpg,Dog
10037.jpg,Dog
10038.jpg,Dog
10039.jpg,Dog
1004.jpg,Dog
10040.jpg,Dog
10041.jpg,Dog
10042.jpg,Dog
10043.jpg,Dog
10044.jpg,Dog
10045.jpg,Dog
10046.jpg,Dog
10047.jpg,Dog
10048.jpg,Dog
10049.jpg,Dog
1005.jpg,Dog
10050.jpg,Dog
10051.jpg,Dog
10052.jpg,Dog
10053.jpg,Dog
10054.jpg,Dog
10055.jpg,Dog
10056.jpg,Dog
10057.jpg,Dog
10058.jpg,Dog
10059.jpg,Dog
1006.jpg,Dog
10060.jpg,Dog
10061.jpg,Dog
10062.jpg,Dog
10063.jpg,Dog
10064.jpg,Dog
10065.jpg,Dog
10066.jpg,Dog
10067.jpg,Dog
10068.jpg,Dog
10069.jpg,Dog
1007.jpg,Dog
10070.jpg,Dog
10071.jpg,Dog
10072.jpg,Dog
10073.jpg,Dog
10074.jpg,Dog
10075.jpg,Dog
10076.jpg,Dog
10077.jpg,Dog
10078.jpg,Dog
10079.jpg,Dog
1008.jpg,Dog
10080.jpg,Dog
10081.jpg,Dog
10082.jpg,Dog
10083.jpg,Dog
10084.jpg,Dog
10085.jpg,Dog
10086.jpg,Dog
10087.jpg,Dog
10088.jpg,Dog
10089.jpg,Dog
1009.jpg,Dog
10090.jpg,Dog
10091.jpg,Dog
10092.jpg,Dog
10093.jpg,Dog
10094.jpg,Dog
10095.jpg,Dog
10096.jpg,Dog
10097.jpg,Dog
10098.jpg,Dog
10099.jpg,Dog
101.jpg,Dog
1010.jpg,Dog
10100.jpg,Dog
10101.jpg,Dog
10102.jpg,Dog
10103.jpg,Dog
10104.jpg,Dog
10105.jpg,Dog
10106.jpg,Dog
10107.jpg,Dog
10108.jpg,Dog
10109.jpg,Dog
1011.jpg,Dog
10110.jpg,Dog
10111.jpg,Dog
10112.jpg,Dog
10113.jpg,Dog
10114.jpg,Dog
10115.jpg,Dog
10116.jpg,Dog
10117.jpg,Dog
10118.jpg,Dog
10119.jpg,Dog
1012.jpg,Dog
10120.jpg,Dog
10121.jpg,Dog
10122.jpg,Dog
10123.jpg,Dog
10124.jpg,Dog
10125.jpg,Dog
10126.jpg,Dog
10127.jpg,Dog
10128.jpg,Dog
10129.jpg,Dog
1013.jpg,Dog
10130.jpg,Dog
10131.jpg,Dog
10132.jpg,Dog
10133.jpg,Dog
10134.jpg,Dog
10135.jpg,Dog
10136.jpg,Dog
10137.jpg,Dog
10138.jpg,Dog
10139.jpg,Dog
1014.jpg,Dog
10140.jpg,Dog
10141.jpg,Dog
10142.jpg,Dog
10143.jpg,Dog
10144.jpg,Dog
10145.jpg,Dog
10146.jpg,Dog
10147.jpg,Dog
10148.jpg,Dog
10149.jpg,Dog
1015.jpg,Dog
10150.jpg,Dog
10151.jpg,Dog
10152.jpg,Dog
10153.jpg,Dog
10154.jpg,Dog
10155.jpg,Dog
10156.jpg,Dog
10157.jpg,Dog
10158.jpg,Dog
10159.jpg,Dog
1016.jpg,Dog
10160.jpg,Dog
10161.jpg,Cat
10162.jpg,Dog
10163.jpg,Dog
10164.jpg,Dog
10165.jpg,Dog
10166.jpg,Dog
10167.jpg,Dog
10168.jpg,Dog
10169.jpg,Dog
1017.jpg,Dog
10170.jpg,Dog
10171.jpg,Dog
10172.jpg,Dog
10173.jpg,Dog
10174.jpg,Dog
10175.jpg,Dog
10176.jpg,Dog
10177.jpg,Dog
10178.jpg,Dog
10179.jpg,Cat
1018.jpg,Dog
10180.jpg,Dog
10181.jpg,Dog
10182.jpg,Dog
10183.jpg,Dog
10184.jpg,Dog
10185.jpg,Dog
10186.jpg,Dog
10187.jpg,Dog
10188.jpg,Dog
10189.jpg,Dog
1019.jpg,Dog
10190.jpg,Dog
10191.jpg,Dog
10192.jpg,Dog
10193.jpg,Dog
10194.jpg,Dog
10195.jpg,Dog
10196.jpg,Dog
10197.jpg,Dog
10198.jpg,Dog
10199.jpg,Dog
102.jpg,Dog
1020.jpg,Dog
10200.jpg,Dog
10201.jpg,Dog
10202.jpg,Dog
10203.jpg,Dog
10204.jpg,Dog
10205.jpg,Dog
10206.jpg,Dog
10207.jpg,Dog
10208.jpg,Dog
10209.jpg,Dog
1021.jpg,Dog
10210.jpg,Dog
10211.jpg,Dog
10212.jpg,Dog
10213.jpg,Dog
10214.jpg,Dog
10215.jpg,Dog
10216.jpg,Dog
10217.jpg,Dog
10218.jpg,Dog
10219.jpg,Dog
1022.jpg,Dog
10220.jpg,Dog
10221.jpg,Dog
10222.jpg,Dog
10223.jpg,Dog
10224.jpg,Dog
10225.jpg,Dog
10226.jpg,Dog
10227.jpg,Dog
10228.jpg,Dog
10229.jpg,Dog
1023.jpg,Dog
10230.jpg,Dog
10231.jpg,Dog
10232.jpg,Dog
10233.jpg,Dog
10234.jpg,Dog
10235.jpg,Dog
10236.jpg,Dog
10237.jpg,Cat
10238.jpg,Dog
10239.jpg,Dog
1024.jpg,Dog
10240.jpg,Dog
10241.jpg,Dog
10242.jpg,Dog
10243.jpg,Dog
10244.jpg,Dog
10245.jpg,Dog
10246.jpg,Dog
10247.jpg,Dog
10248.jpg,Dog
10249.jpg,Dog
1025.jpg,Dog
10250.jpg,Dog
10251.jpg,Dog
10252.jpg,Dog
10253.jpg,Dog
10254.jpg,Dog
10255.jpg,Dog
10256.jpg,Dog
10257.jpg,Dog
10258.jpg,Dog
10259.jpg,Dog
1026.jpg,Dog
10260.jpg,Dog
10261.jpg,Dog
10262.jpg,Dog
10263.jpg,Dog
10264.jpg,Dog
10265.jpg,Dog
10266.jpg,Dog
10267.jpg,Dog
10268.jpg,Dog
10269.jpg,Dog
1027.jpg,Dog
10270.jpg,Dog
10271.jpg,Dog
10272.jpg,Dog
10273.jpg,Dog
10274.jpg,Dog
10275.jpg,Dog
10276.jpg,Dog
10277.jpg,Dog
10278.jpg,Dog
10279.jpg,Dog
1028.jpg,Dog
10280.jpg,Dog
10281.jpg,Dog
10282.jpg,Dog
10283.jpg,Dog
10284.jpg,Dog
10285.jpg,Dog
10286.jpg,Dog
10287.jpg,Dog
10288.jpg,Dog
10289.jpg,Dog
1029.jpg,Dog
10290.jpg,Dog
10291.jpg,Dog
10292.jpg,Dog
10293.jpg,Dog
10294.jpg,Dog
10295.jpg,Dog
10296.jpg,Dog
10297.jpg,Cat
10298.jpg,Dog
10299.jpg,Dog
103.jpg,Dog
1030.jpg,Dog
10300.jpg,Dog
10301.jpg,Dog
10302.jpg,Dog
10303.jpg,Dog
10304.jpg,Dog
10305.jpg,Dog
10306.jpg,Dog
10307.jpg,Dog
10308.jpg,Dog
10309.jpg,Dog
1031.jpg,Dog
10310.jpg,Dog
10311.jpg,Dog
10312.jpg,Dog
10313.jpg,Dog
10314.jpg,Dog
10315.jpg,Dog
10316.jpg,Dog
10317.jpg,Dog
10318.jpg,Dog
10319.jpg,Dog
1032.jpg,Dog
10320.jpg,Dog
10321.jpg,Dog
10322.jpg,Dog
10323.jpg,Dog
10324.jpg,Dog
10325.jpg,Dog
10326.jpg,Dog
10327.jpg,Dog
10328.jpg,Dog
10329.jpg,Dog
1033.jpg,Dog
10330.jpg,Dog
10331.jpg,Dog
10332.jpg,Dog
10333.jpg,Dog
10334.jpg,Dog
10335.jpg,Dog
10336.jpg,Dog
10337.jpg,Dog
10338.jpg,Dog
10339.jpg,Dog
1034.jpg,Dog
10340.jpg,Dog
10341.jpg,Dog
10342.jpg,Dog
10343.jpg,Dog
10344.jpg,Dog
10345.jpg,Dog
10346.jpg,Dog
10347.jpg,Dog
10348.jpg,Dog
10349.jpg,Dog
1035.jpg,Dog
10350.jpg,Dog
10351.jpg,Dog
10352.jpg,Dog
10353.jpg,Dog
10354.jpg,Dog
10355.jpg,Dog
10356.jpg,Dog
10357.jpg,Dog
10358.jpg,Dog
10359.jpg,Dog
1036.jpg,Dog
10360.jpg,Dog
10361.jpg,Dog
10362.jpg,Dog
10363.jpg,Dog
10364.jpg,Dog
10365.jpg,Dog
10366.jpg,Dog
10367.jpg,Dog
10368.jpg,Dog
10369.jpg,Dog
1037.jpg,Dog
10370.jpg,Dog
10371.jpg,Dog
10372.jpg,Dog
10373.jpg,Dog
10374.jpg,Dog
10375.jpg,Dog
10376.jpg,Dog
10377.jpg,Dog
10378.jpg,Dog
10379.jpg,Dog
1038.jpg,Dog
10380.jpg,Dog
10381.jpg,Dog
10382.jpg,Dog
10383.jpg,Dog
10384.jpg,Dog
10385.jpg,Dog
10386.jpg,Dog
10387.jpg,Dog
10388.jpg,Dog
10389.jpg,Dog
1039.jpg,Dog
10390.jpg,Dog
10391.jpg,Dog
10392.jpg,Dog
10393.jpg,Dog
10394.jpg,Dog
10395.jpg,Dog
10396.jpg,Dog
10397.jpg,Dog
10398.jpg,Dog
10399.jpg,Dog
104.jpg,Dog
1040.jpg,Dog
10400.jpg,Dog
10401.jpg,Cat
10402.jpg,Dog
10403.jpg,Dog
10404.jpg,Dog
10405.jpg,Dog
10406.jpg,Dog
10407.jpg,Dog
10408.jpg,Dog
10409.jpg,Dog
1041.jpg,Dog
10410.jpg,Dog
10411.jpg,Dog
10412.jpg,Dog
10413.jpg,Dog
10414.jpg,Dog
10415.jpg,Dog
10416.jpg,Dog
10417.jpg,Dog
10418.jpg,Dog
10419.jpg,Dog
1042.jpg,Dog
10420.jpg,Dog
10421.jpg,Dog
10422.jpg,Dog
10423.jpg,Dog
10424.jpg,Dog
10425.jpg,Dog
10426.jpg,Dog
10427.jpg,Dog
10428.jpg,Dog
10429.jpg,Dog
1043.jpg,Dog
10430.jpg,Dog
10431.jpg,Dog
10432.jpg,Dog
10433.jpg,Dog
10434.jpg,Dog
10435.jpg,Dog
10436.jpg,Dog
10437.jpg,Dog
10438.jpg,Dog
10439.jpg,Dog
1044.jpg,Dog
10440.jpg,Dog
10441.jpg,Dog
10442.jpg,Dog
10443.jpg,Dog
10444.jpg,Dog
10445.jpg,Dog
10446.jpg,Dog
10447.jpg,Dog
10448.jpg,Dog
10449.jpg,Dog
1045.jpg,Dog
10450.jpg,Dog
10451.jpg,Dog
10452.jpg,Dog
10453.jpg,Dog
10454.jpg,Dog
10455.jpg,Dog
10456.jpg,Dog
10457.jpg,Dog
10458.jpg,Dog
10459.jpg,Dog
1046.jpg,Dog
10460.jpg,Dog
10461.jpg,Dog
10462.jpg,Dog
10463.jpg,Dog
10464.jpg,Dog
10465.jpg,Dog
10466.jpg,Dog
10467.jpg,Dog
10468.jpg,Dog
10469.jpg,Dog
1047.jpg,Dog
10470.jpg,Dog
10471.jpg,Dog
10472.jpg,Dog
10473.jpg,Dog
10474.jpg,Dog
10475.jpg,Dog
10476.jpg,Dog
10477.jpg,Dog
10478.jpg,Dog
10479.jpg,Dog
1048.jpg,Dog
10480.jpg,Dog
10481.jpg,Dog
10482.jpg,Dog
10483.jpg,Dog
10484.jpg,Dog
10485.jpg,Cat
10486.jpg,Dog
10487.jpg,Dog
10488.jpg,Dog
10489.jpg,Dog
1049.jpg,Dog
10490.jpg,Dog
10491.jpg,Dog
10492.jpg,Dog
10493.jpg,Dog
10494.jpg,Dog
10495.jpg,Dog
10496.jpg,Dog
10497.jpg,Dog
10498.jpg,Dog
10499.jpg,Dog
105.jpg,Dog
1050.jpg,Dog
10500.jpg,Dog
10501.jpg,Dog
10502.jpg,Dog
10503.jpg,Dog
10504.jpg,Dog
10505.jpg,Dog
10506.jpg,Dog
10507.jpg,Dog
10508.jpg,Dog
10509.jpg,Dog
1051.jpg,Dog
10510.jpg,Dog
10511.jpg,Dog
10512.jpg,Dog
10513.jpg,Dog
10514.jpg,Dog
10515.jpg,Dog
10516.jpg,Dog
10517.jpg,Dog
10518.jpg,Dog
10519.jpg,Dog
1052.jpg,Dog
10520.jpg,Dog
10521.jpg,Dog
10522.jpg,Dog
10523.jpg,Dog
10524.jpg,Cat
10525.jpg,Dog
10526.jpg,Dog
10527.jpg,Dog
10528.jpg,Dog
10529.jpg,Dog
1053.jpg,Dog
10530.jpg,Dog
10531.jpg,Dog
10532.jpg,Dog
10533.jpg,Dog
10534.jpg,Dog
10535.jpg,Dog
10536.jpg,Dog
10537.jpg,Dog
10538.jpg,Dog
10539.jpg,Dog
1054.jpg,Dog
10540.jpg,Dog
10541.jpg,Dog
10542.jpg,Dog
10543.jpg,Dog
10544.jpg,Dog
10545.jpg,Dog
10546.jpg,Dog
10547.jpg,Dog
10548.jpg,Dog
10549.jpg,Dog
1055.jpg,Dog
10550.jpg,Dog
10551.jpg,Dog
10552.jpg,Dog
10553.jpg,Dog
10554.jpg,Dog
10555.jpg,Dog
10556.jpg,Dog
10557.jpg,Dog
10558.jpg,Dog
10559.jpg,Dog
1056.jpg,Dog
10560.jpg,Dog
10561.jpg,Dog
10562.jpg,Dog
10563.jpg,Dog
10564.jpg,Dog
10565.jpg,Dog
10566.jpg,Dog
10567.jpg,Dog
10568.jpg,Dog
10569.jpg,Dog
1057.jpg,Dog
10570.jpg,Dog
10571.jpg,Dog
10572.jpg,Dog
10573.jpg,Dog
10574.jpg,Dog
10575.jpg,Dog
10576.jpg,Dog
10577.jpg,Dog
10578.jpg,Dog
10579.jpg,Dog
1058.jpg,Dog
10580.jpg,Dog
10581.jpg,Dog
10582.jpg,Dog
10583.jpg,Dog
10584.jpg,Dog
10585.jpg,Dog
10586.jpg,Dog
10587.jpg,Dog
10588.jpg,Dog
10589.jpg,Cat
1059.jpg,Dog
10590.jpg,Dog
10591.jpg,Dog
10592.jpg,Dog
10593.jpg,Dog
10594.jpg,Dog
10595.jpg,Dog
10596.jpg,Dog
10597.jpg,Dog
10598.jpg,Dog
10599.jpg,Dog
106.jpg,Dog
1060.jpg,Dog
10600.jpg,Dog
10601.jpg,Dog
10602.jpg,Dog
10603.jpg,Dog
10604.jpg,Dog
10605.jpg,Dog
10606.jpg,Dog
10607.jpg,Dog
10608.jpg,Dog
10609.jpg,Dog
1061.jpg,Dog
10610.jpg,Dog
10611.jpg,Dog
10612.jpg,Dog
10613.jpg,Dog
10614.jpg,Dog
10615.jpg,Dog
10616.jpg,Dog
10617.jpg,Dog
10618.jpg,Dog
10619.jpg,Dog
1062.jpg,Dog
10620.jpg,Dog
10621.jpg,Dog
10622.jpg,Dog
10623.jpg,Dog
10624.jpg,Dog
10625.jpg,Dog
10626.jpg,Dog
10627.jpg,Dog
10628.jpg,Dog
10629.jpg,Dog
1063.jpg,Dog
10630.jpg,Dog
10631.jpg,Dog
10632.jpg,Dog
10633.jpg,Dog
10634.jpg,Dog
10635.jpg,Dog
10636.jpg,Dog
10637.jpg,Dog
10638.jpg,Dog
10639.jpg,Dog
1064.jpg,Dog
10640.jpg,Dog
10641.jpg,Dog
10642.jpg,Dog
10643.jpg,Dog
10644.jpg,Dog
10645.jpg,Dog
10646.jpg,Dog
10647.jpg,Dog
10648.jpg,Dog
10649.jpg,Dog
1065.jpg,Dog
10650.jpg,Dog
10651.jpg,Dog
10652.jpg,Dog
10653.jpg,Dog
10654.jpg,Dog
10655.jpg,Dog
10656.jpg,Dog
10657.jpg,Dog
10658.jpg,Dog
10659.jpg,Dog
1066.jpg,Dog
10660.jpg,Dog
10661.jpg,Dog
10662.jpg,Dog
10663.jpg,Dog
10664.jpg,Dog
10665.jpg,Dog
10666.jpg,Dog
10667.jpg,Dog
10668.jpg,Dog
10669.jpg,Dog
1067.jpg,Dog
10670.jpg,Dog
10671.jpg,Dog
10672.jpg,Dog
10673.jpg,Dog
10674.jpg,Dog
10675.jpg,Dog
10676.jpg,Dog
10677.jpg,Dog
10678.jpg,Dog
10679.jpg,Dog
1068.jpg,Dog
10680.jpg,Dog
10681.jpg,Dog
10682.jpg,Dog
10683.jpg,Dog
10684.jpg,Dog
10685.jpg,Dog
10686.jpg,Dog
10687.jpg,Dog
10688.jpg,Dog
10689.jpg,Dog
1069.jpg,Dog
10690.jpg,Dog
10691.jpg,Dog
10692.jpg,Dog
10693.jpg,Dog
10694.jpg,Dog
10695.jpg,Dog
10696.jpg,Dog
10697.jpg,Dog
10698.jpg,Cat
10699.jpg,Dog
107.jpg,Dog
1070.jpg,Dog
10700.jpg,Dog
10701.jpg,Dog
10702.jpg,Dog
10703.jpg,Dog
10704.jpg,Dog
10705.jpg,Dog
10706.jpg,Dog
10707.jpg,Dog
10708.jpg,Dog
10709.jpg,Dog
1071.jpg,Dog
10710.jpg,Dog
10711.jpg,Dog
10712.jpg,Dog
10713.jpg,Dog
10714.jpg,Dog
10715.jpg,Dog
10716.jpg,Dog
10717.jpg,Dog
10718.jpg,Dog
10719.jpg,Dog
1072.jpg,Dog
10720.jpg,Dog
10721.jpg,Dog
10722.jpg,Dog
10723.jpg,Dog
10724.jpg,Dog
10725.jpg,Dog
10726.jpg,Dog
10727.jpg,Dog
10728.jpg,Dog
10729.jpg,Dog
1073.jpg,Dog
10730.jpg,Dog
10731.jpg,Dog
10732.jpg,Dog
10733.jpg,Cat
10734.jpg,Dog
10735.jpg,Dog
10736.jpg,Dog
10737.jpg,Dog
10738.jpg,Dog
10739.jpg,Dog
1074.jpg,Dog
10740.jpg,Dog
10741.jpg,Dog
10742.jpg,Dog
10743.jpg,Dog
10744.jpg,Dog
10745.jpg,Dog
10746.jpg,Dog
10747.jpg,Dog
10748.jpg,Dog
10749.jpg,Dog
1075.jpg,Dog
10750.jpg,Dog
10751.jpg,Dog
10752.jpg,Dog
10753.jpg,Dog
10754.jpg,Dog
10755.jpg,Dog
10756.jpg,Dog
10757.jpg,Dog
10758.jpg,Cat
10759.jpg,Dog
1076.jpg,Dog
10760.jpg,Dog
10761.jpg,Dog
10762.jpg,Dog
10763.jpg,Dog
10764.jpg,Dog
10765.jpg,Dog
10766.jpg,Dog
10767.jpg,Dog
10768.jpg,Dog
10769.jpg,Dog
1077.jpg,Dog
10770.jpg,Dog
10771.jpg,Dog
10772.jpg,Dog
10773.jpg,Dog
10774.jpg,Dog
10775.jpg,Dog
10776.jpg,Dog
10777.jpg,Dog
10778.jpg,Dog
10779.jpg,Dog
1078.jpg,Dog
10780.jpg,Dog
10781.jpg,Dog
10782.jpg,Dog
10783.jpg,Dog
10784.jpg,Dog
10785.jpg,Dog
10786.jpg,Dog
10787.jpg,Dog
10788.jpg,Dog
10789.jpg,Dog
1079.jpg,Dog
10790.jpg,Cat
10791.jpg,Dog
10792.jpg,Dog
10793.jpg,Dog
10794.jpg,Dog
10795.jpg,Dog
10796.jpg,Dog
10797.jpg,Cat
10798.jpg,Dog
10799.jpg,Dog
108.jpg,Dog
1080.jpg,Dog
10800.jpg,Dog
10801.jpg,Cat
10802.jpg,Dog
10803.jpg,Dog
10804.jpg,Dog
10805.jpg,Dog
10806.jpg,Dog
10807.jpg,Dog
10808.jpg,Dog
10809.jpg,Dog
1081.jpg,Dog
10810.jpg,Dog
10811.jpg,Dog
10812.jpg,Dog
10813.jpg,Dog
10814.jpg,Dog
10815.jpg,Dog
10816.jpg,Dog
10817.jpg,Dog
10818.jpg,Dog
10819.jpg,Dog
1082.jpg,Dog
10820.jpg,Dog
10821.jpg,Dog
10822.jpg,Dog
10823.jpg,Cat
10824.jpg,Dog
10825.jpg,Dog
10826.jpg,Dog
10827.jpg,Dog
10828.jpg,Dog
10829.jpg,Dog
1083.jpg,Dog
10830.jpg,Dog
10831.jpg,Dog
10832.jpg,Dog
10833.jpg,Dog
10834.jpg,Dog
10835.jpg,Dog
10836.jpg,Dog
10837.jpg,Dog
10838.jpg,Dog
10839.jpg,Dog
1084.jpg,Dog
10840.jpg,Dog
10841.jpg,Dog
10842.jpg,Cat
10843.jpg,Dog
10844.jpg,Dog
10845.jpg,Dog
10846.jpg,Dog
10847.jpg,Dog
10848.jpg,Dog
10849.jpg,Dog
1085.jpg,Dog
10850.jpg,Dog
10851.jpg,Dog
10852.jpg,Dog
10853.jpg,Dog
10854.jpg,Dog
10855.jpg,Dog
10856.jpg,Dog
10857.jpg,Dog
10858.jpg,Dog
10859.jpg,Dog
1086.jpg,Dog
10860.jpg,Dog
10861.jpg,Dog
10862.jpg,Dog
10863.jpg,Dog
10864.jpg,Dog
10865.jpg,Dog
10866.jpg,Dog
10867.jpg,Dog
10868.jpg,Dog
10869.jpg,Dog
1087.jpg,Dog
10870.jpg,Dog
10871.jpg,Cat
10872.jpg,Dog
10873.jpg,Dog
10874.jpg,Dog
10875.jpg,Dog
10876.jpg,Dog
10877.jpg,Dog
10878.jpg,Dog
10879.jpg,Dog
1088.jpg,Dog
10880.jpg,Dog
10881.jpg,Dog
10882.jpg,Dog
10883.jpg,Dog
10884.jpg,Dog
10885.jpg,Dog
10886.jpg,Dog
10887.jpg,Dog
10888.jpg,Dog
10889.jpg,Dog
1089.jpg,Dog
10890.jpg,Dog
10891.jpg,Dog
10892.jpg,Dog
10893.jpg,Dog
10894.jpg,Dog
10895.jpg,Dog
10896.jpg,Dog
10897.jpg,Dog
10898.jpg,Dog
10899.jpg,Dog
109.jpg,Dog
1090.jpg,Dog
10900.jpg,Dog
10901.jpg,Dog
10902.jpg,Dog
10903.jpg,Dog
10904.jpg,Dog
10905.jpg,Dog
10906.jpg,Dog
10907.jpg,Dog
10908.jpg,Cat
10909.jpg,Dog
1091.jpg,Dog
10910.jpg,Dog
10911.jpg,Dog
10912.jpg,Dog
10913.jpg,Dog
10914.jpg,Dog
10915.jpg,Dog
10916.jpg,Dog
10917.jpg,Dog
10918.jpg,Dog
10919.jpg,Dog
1092.jpg,Dog
10920.jpg,Dog
10921.jpg,Dog
10922.jpg,Dog
10923.jpg,Dog
10924.jpg,Dog
10925.jpg,Dog
10926.jpg,Dog
10927.jpg,Dog
10928.jpg,Dog
10929.jpg,Dog
1093.jpg,Dog
10930.jpg,Dog
10931.jpg,Dog
10932.jpg,Dog
10933.jpg,Dog
10934.jpg,Dog
10935.jpg,Dog
10936.jpg,Dog
10937.jpg,Dog
10938.jpg,Dog
10939.jpg,Cat
1094.jpg,Cat
10940.jpg,Dog
10941.jpg,Dog
10942.jpg,Dog
10943.jpg,Dog
10944.jpg,Dog
10945.jpg,Dog
10946.jpg,Dog
10947.jpg,Dog
10948.jpg,Dog
10949.jpg,Dog
1095.jpg,Dog
10950.jpg,Dog
10951.jpg,Dog
10952.jpg,Dog
10953.jpg,Dog
10954.jpg,Dog
10955.jpg,Dog
10956.jpg,Dog
10957.jpg,Dog
10958.jpg,Dog
10959.jpg,Dog
1096.jpg,Dog
10960.jpg,Dog
10961.jpg,Dog
10962.jpg,Dog
10963.jpg,Dog
10964.jpg,Dog
10965.jpg,Dog
10966.jpg,Dog
10967.jpg,Dog
10968.jpg,Dog
10969.jpg,Dog
1097.jpg,Dog
10970.jpg,Dog
10971.jpg,Dog
10972.jpg,Dog
10973.jpg,Dog
10974.jpg,Dog
10975.jpg,Dog
10976.jpg,Dog
10977.jpg,Dog
10978.jpg,Dog
10979.jpg,Dog
1098.jpg,Dog
10980.jpg,Dog
10981.jpg,Dog
10982.jpg,Dog
10983.jpg,Dog
10984.jpg,Dog
10985.jpg,Dog
10986.jpg,Dog
10987.jpg,Dog
10988.jpg,Dog
10989.jpg,Dog
1099.jpg,Dog
10990.jpg,Dog
10991.jpg,Dog
10992.jpg,Dog
10993.jpg,Dog
10994.jpg,Dog
10995.jpg,Dog
10996.jpg,Dog
10997.jpg,Dog
10998.jpg,Dog
10999.jpg,Dog
11.jpg,Dog
110.jpg,Dog
1100.jpg,Dog
11000.jpg,Dog
11001.jpg,Dog
11002.jpg,Dog
11003.jpg,Dog
11004.jpg,Dog
11005.jpg,Dog
11006.jpg,Dog
11007.jpg,Dog
11008.jpg,Dog
11009.jpg,Dog
1101.jpg,Dog
11010.jpg,Dog
11011.jpg,Dog
11012.jpg,Dog
11013.jpg,Dog
11014.jpg,Dog
11015.jpg,Dog
11016.jpg,Dog
11017.jpg,Dog
11018.jpg,Dog
11019.jpg,Dog
1102.jpg,Dog
11020.jpg,Dog
11021.jpg,Dog
11022.jpg,Dog
11023.jpg,Dog
11024.jpg,Dog
11025.jpg,Dog
11026.jpg,Dog
11027.jpg,Dog
11028.jpg,Dog
11029.jpg,Dog
1103.jpg,Dog
11030.jpg,Dog
11031.jpg,Dog
11032.jpg,Dog
11033.jpg,Dog
11034.jpg,Dog
11035.jpg,Dog
11036.jpg,Dog
11037.jpg,Dog
11038.jpg,Dog
11039.jpg,Dog
1104.jpg,Dog
11040.jpg,Dog
11041.jpg,Dog
11042.jpg,Dog
11043.jpg,Dog
11044.jpg,Dog
11045.jpg,Dog
11046.jpg,Dog
11047.jpg,Dog
11048.jpg,Dog
11049.jpg,Dog
1105.jpg,Dog
11050.jpg,Dog
11051.jpg,Dog
11052.jpg,Dog
11053.jpg,Dog
11054.jpg,Dog
11055.jpg,Dog
11056.jpg,Dog
11057.jpg,Dog
11058.jpg,Dog
11059.jpg,Dog
1106.jpg,Dog
11060.jpg,Dog
11061.jpg,Dog
11062.jpg,Dog
11063.jpg,Dog
11064.jpg,Dog
11065.jpg,Dog
11066.jpg,Dog
11067.jpg,Dog
11068.jpg,Dog
11069.jpg,Dog
1107.jpg,Dog
11070.jpg,Dog
11071.jpg,Dog
11072.jpg,Dog
11073.jpg,Dog
11074.jpg,Dog
11075.jpg,Dog
11076.jpg,Dog
11077.jpg,Dog
11078.jpg,Dog
11079.jpg,Dog
1108.jpg,Dog
11080.jpg,Dog
11081.jpg,Dog
11082.jpg,Dog
11083.jpg,Dog
11084.jpg,Dog
11085.jpg,Dog
11086.jpg,Dog
11087.jpg,Dog
11088.jpg,Dog
11089.jpg,Dog
1109.jpg,Dog
11090.jpg,Dog
11091.jpg,Dog
11092.jpg,Dog
11093.jpg,Dog
11094.jpg,Dog
11095.jpg,Dog
11096.jpg,Dog
11097.jpg,Dog
11098.jpg,Dog
11099.jpg,Dog
111.jpg,Dog
1110.jpg,Dog
11100.jpg,Dog
11101.jpg,Dog
11102.jpg,Dog
11103.jpg,Dog
11104.jpg,Dog
11105.jpg,Dog
11106.jpg,Dog
11107.jpg,Dog
11108.jpg,Dog
11109.jpg,Dog
1111.jpg,Dog
11110.jpg,Dog
11111.jpg,Dog
11112.jpg,Dog
11113.jpg,Dog
11114.jpg,Dog
11115.jpg,Dog
11116.jpg,Dog
11117.jpg,Dog
11118.jpg,Dog
11119.jpg,Dog
1112.jpg,Dog
11120.jpg,Dog
